TITLE,ARTIST
mead lake (2a versione),"arawak,"
27,jerk
"selenge ""selenge""",celine dessberg
jstfriends,knxwledge
stronger than pride (budgie forecast),budgie
blah anthem,blah
kontrol your heart,ohbliv
take a break,sven wunder
just a ny poem,nikki giovanni
counting stars,nujabes
love's messenger,oneness of juju
soft fashion,uku kuut
spanish joint,d'angelo
where i'm from,digable planets
bem vindo,john beltran
vw blue,dora morelenbaum
i appreciate my life,dam-funk
cade yaya,reginaldo bessa
som nyame,bruno berle
future perfect,the durutti column
nao tem nada nao (ii),marcos valle
listen,brainstorm
window seat,caramel haze
olha eu aqui oh! oh! oh!...,eva
ngiculela - es una historia - i am singing,stevie wonder
flutuando,ricardo bomba
i'm in love with you (pt.1),carol dionne
having fun,stefano torossi
independence,dislocation dance
marcy son what,shakarchi & straneus
dial tone,mat/matix
lounge,haus geek
fly like love,intr0beatz
swim,barry can't
dreaming (jungle mix),ashaye
!ok!,khadija al hanafi
shed that fear,nourished by time
last day on earth,los retros
my dear life,mariangela celeste
