nts_song,spotify_track,nts_artist,spotify_artist,song_sim,artist_sim
en hast utan namn = a horse with no name,En häst utan namn,family four,Family Four,0.5965,1.0
ear blow out [108.120 bpm],Magenta Flu [140 BPM],vegyn,Vegyn,0.5957,1.0
amerikan dread (androo dub remix),Amerikan Dread,victor,Victor,0.5957,1.0
out of hand (extended mix),Out of Hand,mighty lemon drops,The Mighty Lemon Drops,0.5946,0.9
lyk u use 2,Lyk U Use 2 (feat. Andres),"moodymann,",Moodymann;Andres,0.5946,0.6923
la balsa dedication,La Balsa,los gatos,Los Gatos,0.5926,1.0
intimate friends (full length version),Intimate Friends,eddie kendricks,Eddie Kendricks,0.5926,1.0
didn't i (original),Didn't I,darondo,Darondo,0.5926,1.0
old time lovin',Colour Me In,bob scaggs,Broadcast,0.5926,0.5263
vision de la nuit,Inside Out,emessa,Jesse Rae,0.5926,0.5333
light my fire,light my fire (2024 Remastered),poison girlfriend,POiSON GiRL FRiEND,0.5909,0.9714
night flanger,Night Flanger - Remastered 2005,yello,Yello,0.5909,1.0
top line sensory overload [120 bpm],NExt up its sleepo mode [160 BPM],vegyn,Vegyn,0.5882,1.0
harmonie,Chameleon,anthony naples,Anthony Naples,0.5882,1.0
move on up,Move on Up - Single Edit,curtis mayfield,Curtis Mayfield,0.5882,1.0
today,Today - Live,jefferson airplane,Jefferson Airplane,0.5882,1.0
madam butterfly,Madam Butterfly (Un beld di vedremo),malcom mclaren,Malcom McLaren,0.5882,1.0
evergreen dazed,Evergreen Dazed - Remastered Edition,felt,Felt,0.5882,1.0
none greater than john,Peter & John,andrew warts and the gospel storytellers,Andrew Wartts And The Gospel Storytellers,0.5882,0.9877
byd mor wahanol (world so different),Byd Mor Wahanol,llwybr llaethog,Llwybr Llaethog,0.5882,1.0
runnin' away,Runnin' Away - Single Version,sly & the family stone,Sly & The Family Stone,0.5854,1.0
if you love me (street vibe remix),If You Love Me,brownstone,Brownstone,0.5833,1.0
halcyon,HALCYON + ON + ON,orbital,Orbital,0.5833,1.0
mashisa (dub mix),Mashisa,v.o.,V.O.,0.5833,1.0
i'm waiting for the man,Right On For The Darkness,white light,Willie Wright,0.5833,0.6667
bronyraur,Bron-Yr-Aur - Remaster,led zeppelin,Led Zeppelin,0.5806,1.0
androgynous,Androgynous - 2025 Remaster,the replacements,The Replacements,0.5789,1.0
kameari pop,KAMEARI POP - 2020 Remaster,p-model,P-MODEL,0.5789,1.0
casey jones,Casey Jones - 2013 Remaster,grateful dead,Grateful Dead,0.5789,1.0
the rainbow,The Rainbow - 1997 Remaster,talk talk,Talk Talk,0.5789,1.0
izzat love?,Izzat Love? - 2015 Remaster,todd rundgren,Todd Rundgren,0.5789,1.0
49 bye-byes,49 Bye-Byes - 2005 Remaster,"crosby, stills & nash","Crosby, Stills & Nash",0.5789,1.0
stop the clock,Stop the World for a Day,1st light,The Twilights,0.5789,0.6364
dancing in the moonlight,Dancing In The Moonlight (It's Caught Me In It's Spotlight),thin lizzy,Thin Lizzy,0.5783,1.0
love's got me (extended version),Love's Got Me,loose ends,Loose Ends,0.5778,1.0
sunset bell (,Sunset Bell (ft. Jennifer Wilde),love spirals downwards,Love Spirals Downwards,0.5778,1.0
szutuka znikania (radio edit version),Sztuka Znikania,tamten,Tamten,0.5769,1.0
gitari na congo,Gitari na Congo (Guitar of the Congo),bakia pierre,Bakia Pierre,0.5769,1.0
tied up,Move Up,sandra cross,Sandra Cross,0.5714,1.0
nucleo (live) [,Nucleo,john carroll kirby,John Carroll Kirby,0.5714,1.0
our love,Ain't No Love,jennifer lara,Jennifer Lara,0.5714,1.0
distractions,Distractions - Remastered 2017,paul mccartney,Paul McCartney,0.5714,1.0
life on deck,Life On Deck - Remastered 2016,colin newman,Colin Newman,0.5714,1.0
together,Meteor,misha panfilov sound combo,Misha Panfilov,0.5714,0.7
it's a dream i see,Pieces Of A Dream,mila,MIKE,0.5714,0.5
together,Meteor,misha paniflov sound combo,Misha Panfilov,0.5714,0.65
white & green place,White and Green Place - Extraterrestrial Mix,maximum joy,Maximum Joy,0.5714,1.0
people of yoruba,Fool for You,mad professor,The Impressions,0.5714,0.5
stranger (demo 1982),Stranger,clan of xymox,Clan of Xymox,0.5714,1.0
kakashi,Hashiru,so-do,So-Do,0.5714,1.0
if not for you,If Not for You - Day 2 Demo; Take 1,george harrison,George Harrison,0.5714,1.0
trick of the light,Call Of The River,putty in her hands,Linda Perhacs,0.5714,0.5161
weather report (in tokyo cool camp),WEATHER REPORT,fishmans,Fishmans,0.5714,1.0
together,Meteor,misha panifilov sound combo,Misha Panfilov,0.5714,0.6829
air a danser,Air À Danser - Remastered 2008,penguin cafe orchestra,Penguin Cafe Orchestra,0.5714,1.0
lucinda dream,una rosa,secondary modern,Sonic Emerson,0.5714,0.5517
intro,Paintwork,the xx,The Fall,0.5714,0.5714
meng wonosetachuan (battened ships),Battened Ships,"odetsusei,",Odyssey,0.5714,0.5882
iced water (original mix),Iced Water,hdsn,HDSN,0.5714,1.0
faded lady,Faded Lady (Instrumental),s.s.o.,S.S.O.,0.5714,1.0
blow my mind,On My Own,the lost family,The Fall,0.5714,0.6087
necesito valor,Necesito Valor - Remasterizado 2024,sangre,Sangre,0.5714,1.0
mutual attraction,Mutual Attraction - Nick Martinelli Version,change,Change,0.5667,1.0
sekoilu seestyy,Sekoilu seestyy - The Madness Subsides,pekka pohjola,Pekka Pohjola,0.566,1.0
lady friend,Lady Friend - Single Version,the byrds,The Byrds,0.5641,1.0
come summer (extended remix),Come Summer,fra lippo lippi,Fra Lippo Lippi,0.5641,1.0
shadow on the ground,SHADOWS ON THE GROUND - 2019 Bob Ludwig Remastering,yellow magic orchestra,YELLOW MAGIC ORCHESTRA,0.5634,1.0
"make 1, 2","Make 1, 2 - Gem Spa Dub",arthur russell,Arthur Russell,0.5625,1.0
i'm not moving (idjut boys edit),I'm Not Moving - 2015 Remastered,phil collins,Phil Collins,0.5625,1.0
in the sand,Listen Over The Ocean,i-level,Violet Eves,0.5625,0.5556
out of the game,Draw Of The Cards,kanye,Kim Carnes,0.5625,0.5333
rise up,Rise Up - Discomix,tyrone evans,Tyrone Evans,0.56,1.0
little white lies,The Line,the shannons,The GN Band,0.56,0.5217
after the dawn,In the Rain,project gemini,Ernest Ranglin,0.56,0.5
qiang wei toye swu bara to yaju,Bara to Yajū,haruomi hosono,Haruomi Hosono,0.5581,1.0
sueno latino,Sueno Latino - Paradise Version,sueno latino,Sueño Latino,0.5581,0.9167
when i dream,When I Dream - Original Version,the teardrop explodes,The Teardrop Explodes,0.5581,1.0
sueno latino (another 7# edit),Sueno Latino - Paradise Version,sueno latino,Sueño Latino,0.5574,0.9167
the sensai knows the trix [88.295 bpm],Attached to the line [166.489 BPM],vegyn,Vegyn,0.5556,1.0
brown eyes,Brown Eyes - 2015 Remaster,fleetwood mac,Fleetwood Mac,0.5556,1.0
family man,Family Man - 2017 Remaster,fleetwood mac,Fleetwood Mac,0.5556,1.0
the seeker,The Line,the chicken and the egg,The GN Band,0.5556,0.5294
coast road,Coast Road - 2021 Remaster,david crosby,David Crosby,0.5556,1.0
on the beat,The Way,the b.b. & q. band,The Gap Band,0.5556,0.6
simple man (alternate mix),Simple Man,graham nash,Graham Nash,0.5556,1.0
roundabout,Roundabout - 2003 Remaster,yes,Yes,0.5556,1.0
the jogger,The Line,the ross emery band,The GN Band,0.5556,0.6
on the beat,The Way,bb and q band,The Gap Band,0.5556,0.56
go to zero,Go to Zero - 2005 Remaster,the power station,The Power Station,0.5556,1.0
be careful,The Cult,subject,Source Direct,0.5556,0.5
nice to each other,"Nice To Each Other - Live from L’Olympia, Paris",olivia dean,Olivia Dean,0.5538,1.0
"el guoum agui (imete tayrri, 1978)",El Guoum Agui,les abranis,Les Abranis,0.5532,1.0
showdown [funky boss],Showdown,thin lizzy,Thin Lizzy,0.5517,1.0
sad song,Sad Song - Remastered,autumn,Autumn,0.5517,1.0
untitled,Untitled - Remastered,the cure,The Cure,0.5517,1.0
watching me,Watching Me (2020 Remastered),jill scott,Jill Scott,0.55,1.0
a long walk,A Long Walk (2020 Remastered),jill scott,Jill Scott,0.55,1.0
love in the darkness,Everything She Wants,"christian vander,",The Egyptian Lover,0.55,0.5143
to the test [touch sensitive],To The Test,elaine howley,Elaine Howley,0.55,1.0
so verliebt,So Verliebt - Remastered 2018,lunapark,Lunapark,0.55,1.0
lotta nosense ii [121.363 bpm],Just Joshin [117 BPM],vegyn,Vegyn,0.549,1.0
african and white (original extended version),African And White,china crisis,China Crisis,0.5484,1.0
fifty-fifty clown,Fifty - Fifty Clown - Robert Elms BBC Session,cocteau twins,Cocteau Twins,0.5484,1.0
rest here,Featherweight,car culture,Car Culture,0.5455,1.0
dawn,Dryland,misha panfilov,Misha Panfilov,0.5455,1.0
who,Who I Am,odyssey,Odyssey,0.5455,1.0
sunrise,Onie,electric wind,The Electric Prunes,0.5455,0.625
trisha's return,The Return Journey,woo,Woo,0.5455,1.0
viva forever (spice girls cover),Viva Forever,jim o'rourke,Jim O'Rourke,0.5455,1.0
margins,Cars,brinkmann,Gary Numan,0.5455,0.5263
in the morning,The Line,a band,The GN Band,0.5455,0.5882
alone,Talkin,steve hilage,Vee Gees,0.5455,0.5
the valleys,The Thistle,electrolane,Jesse Rae,0.5455,0.5
the chill,Come with Me - The Chill,paprika soul,Paprika Soul,0.5455,1.0
"guinnevere (live, bbc in concert 1970)",Guinnevere - Live,david crosby & graham nash,David Crosby;Graham Nash,0.5455,0.92
"love, love, love (bonus beats)",Love Love Love,those guys,Those Guys,0.5455,1.0
peligro (danger),Danger,"sonic boom,",Panda Bear;Sonic Boom,0.5455,0.625
standing there,Stand Up,jady kurrent,Al Green,0.5455,0.5
hole in the middle,Walking In The Rain,flash and the pan,Flash and the Pan,0.5405,1.0
some velvet morning,Somewhere I Belong,gabor szabo,Gábor Szabó,0.5405,0.8182
"there,s a rugged road",There's a Rugged Road - Solo Demo; Remastered Version,judee sill,Judee Sill,0.5405,1.0
leafy lane,Leafy Lanes - 2009 Remaster,fat mattress,Fat Mattress,0.5405,1.0
demon bitch,Diamond Jubilee,cindy lee,Cindy Lee,0.5385,1.0
baby don't cry (cry baby club version),Baby Don't Cry,lalah hathaway,Lalah Hathaway,0.5385,1.0
sekoilu seesty,Sekoilu seestyy - The Madness Subsides,pekka pohjola,Pekka Pohjola,0.5385,1.0
here i am,There Is Only One,"pastor t. l. barrett,",Pastor T.L. Barrett and the Youth for Christ Choir,0.5385,0.5352
there is only one,Here I Am,"pastor t. l. barrett,",Pastor T.L. Barrett and the Youth for Christ Choir,0.5385,0.5352
gone away again,Fine Anyway,roger fakhr,Rogér Fakhr,0.5385,0.9091
fine anyway,Gone Away Again,roger fakhr,Rogér Fakhr,0.5385,0.9091
baby don't cry (cry baby club version),Baby Don't Cry,lalah hathway,Lalah Hathaway,0.5385,0.963
get another love,So In Love,joey negro and sean p,Smokey Robinson,0.5385,0.5
gimme da lite,She's a Flirt,"southside,",Cassie,0.5385,0.5
just like arcadia,Just Call,psychick tv,Sherrick,0.5385,0.5263
i need love,"I Need Love - 7"" Issue Version",carrie cleveland,Carrie Cleveland,0.5366,1.0
heavy vibes,Heavy Vibes - Original Version,montana sextet,Montana Sextet,0.5366,1.0
bob's yer uncle,Bob's Yer Uncle - 2007 Remastered Version,happy mondays,Happy Mondays,0.5357,1.0
jukebox baby 96,Jukebox Baby 96 - 2005 Remastered Version,suicide,Suicide,0.5357,1.0
smiley smile smiley [107.029 bpm],Wayne Is innocent [100 BPM],vegyn,Vegyn,0.5333,1.0
roam,Roam - Edit,b-52's,The B-52's,0.5333,0.75
may this be love,It's Your Love,the jimi hendrix experience,The Other People Place,0.5333,0.5306
contemplation 2007,Acceleration,bill nelson,Bill Nelson,0.5333,1.0
soso (live),SoSo,elaine howley,Elaine Howley,0.5333,1.0
exotika,Emotions,chris and cosey,Mariah Carey,0.5333,0.5185
petulant,Petulant - Sax Version,shriekback,Shriekback,0.5333,1.0
nisyan,Poinciana,ahmed fakrun,Ahmad Jamal,0.5333,0.5217
pulp jam,Pulp Jam (feat. Mamii),cruza & mamii,Cruza;Mamii,0.5333,0.8333
when will you be back?,Then we could be free..,kahmi kaire,MIKE,0.5333,0.5333
thesis,The guide,satya sai maitreya kali,Yani Martinelli,0.5333,0.5263
in the pocket,Dancing To Forget,detroit strings,Romie Singh,0.5333,0.6154
the girl from ipanema,Stop the World for a Day,height-dismay,The Twilights,0.5333,0.5385
let's quit smoking,Wake Up Song,sfa,Sunfear,0.5333,0.6
sin tu amor,Sitting In The Park,billy y belly,Billy Stewart,0.5333,0.5385
britnaeys new baby [125 bpm],I wanna mode this yah know [151 BPM],vegyn,Vegyn,0.5312,1.0
no letting go,No Letting Go (Instrumental Version),the hit co.,The Hit Co.,0.5306,1.0
brainwash,Brainwash - 2023 Remaster,telex,Telex,0.5294,1.0
?quien (suite),¿Quién? - Remastered,juana molina,Juana Molina,0.5294,1.0
love comes quickly,"Love, Love, Love",hidemi ishikawa,The Chakachas,0.5294,0.5
william b,William B - 2024 Remaster,the durutti column,The Durutti Column,0.5294,1.0
the sun and dahlia,Then and forever,world standard,Ronald Langestraat,0.5294,0.5
love comes quickly,"Love, Love, Love",hidemi ishkawa,The Chakachas,0.5294,0.5185
decadence,Decadence - 2003 Remaster,kevin ayers,Kevin Ayers,0.5294,1.0
trip of the light,Call Of The River,putty in her hands,Linda Perhacs,0.5294,0.5161
the year of the sun,Late One Sunday,the gordian knot,The American Analog Set,0.5294,0.6154
let's be lovers,Let's Stay Together,back street band,Al Green,0.5294,0.5
get it up for love,You Got the Love,maxine nightingale,Maxine Nightingale,0.5294,1.0
vision of the end,Draw Of The Cards,sylvian carel,Kim Carnes,0.5294,0.5217
vision of the end,Draw Of The Cards,sylvain carel,Kim Carnes,0.5294,0.5217
i see red,I See Red - 2003 Remaster,clannad,Clannad,0.5294,1.0
don't you want my love,Without Love,vera brown,Peter Brown,0.5294,0.7619
more rain,More Rain - 2020 Remaster,samurai,Samurai,0.5294,1.0
the redeemer,the rot,dean blunt,Dean Blunt,0.5263,1.0
i feel it - i hope u feel it too 009 [122 bpm],I LIKE IT IT LIT [125.858 BPM],vegyn,Vegyn,0.5263,1.0
little wing,Drifting,jimi hendrix,Jimi Hendrix,0.5263,1.0
girlfriend,Girlfriend - Remastered 1993,wings,Wings,0.5263,1.0
be with me,Be With Me - Remastered 2001,the beach boys,The Beach Boys,0.5263,1.0
vegetables,Vegetables - Remastered 2001,the beach boys,The Beach Boys,0.5263,1.0
feel flows,Feel Flows - Remastered 2009,the beach boys,The Beach Boys,0.5263,1.0
in my life,In My Life - Remastered 2009,the beatles,The Beatles,0.5263,1.0
for no one,For No One - Remastered 2009,the beatles,The Beatles,0.5263,1.0
happy daze,Rainy Day,spinner dolphins,Shuggie Otis,0.5263,0.5
linda,Linda Movement,father's children,Father's Children,0.5263,1.0
dear angie,Dear Angie - Remastered 2010,badfinger,Badfinger,0.5263,1.0
lovin' you,On My Own,the 2,The Fall,0.5263,0.6154
riff 1 [demo],Riff 1 (Demo) - 2021 Remaster,david crosby,David Crosby,0.5238,1.0
vila de santa tereza,O Samba da Minha Terra,rosinha de valencia,Rosinha De Valença,0.5238,0.9189
born slippy,Born Slippy (Nuxx) - Radio Edit,underworld,Underworld,0.5238,1.0
once bitten,Once Bitten - Original 1988 Mix,kim yaffa,Kim Yaffa,0.5238,1.0
this then we're thru,Hit the North - Part 2,ratheart,The Fall,0.5238,0.5
vila de santa tereza,O Samba da Minha Terra,rosinha de valenca,Rosinha De Valença,0.5238,0.9444
stay in love,Think of Me,mason,Madonna,0.5217,0.6667
it feels great,Earl Gray,car culture,Car Culture,0.5217,1.0
go away dream,Go Bye Bye,derrick harriott,Derrick Harriott,0.5217,1.0
patio song,Stood On Gold,gorky's zygotic moynci,Gorky's Zygotic Mynci,0.5217,0.9767
natalia,Natalia - Remastered,van morrison,Van Morrison,0.5185,1.0
y llosg [b.p.m. 120],Y Llosg,eirin peryglus,Eirin Peryglus,0.5185,1.0
i wanna be your lover / head,Lady Cab Driver / I Wanna Be Your Lover / Head / Little Red Corvette - Tour Demo,prince,Prince,0.5185,1.0
love seeker,I Love This Life,rick dash & the nue-niles,The Blue Nile,0.5185,0.5263
essence,Essence (feat. Tems),"wizkid,",Wizkid;Tems,0.5185,0.6667
fucking boyfriend,Sucka Free,the bird & the bee,"Tyler, The Creator",0.5185,0.5
flames shards goo,Fleshless hand,ml buch,ML Buch,0.5161,1.0
guas de maro (waters of march),Waters Of March (Aguas De Marco),antonio carlos jobim,Antônio Carlos Jobim,0.5161,0.95
nightmare session from hell str8 up [144 bpm],Magenta Flu [140 BPM],vegyn,Vegyn,0.5152,1.0
don't tell your mother,Can't Be Sure,the sundays,The Sundays,0.5143,1.0
sally go round the roses,On The Roof,the del-byzanteens,The Feelies,0.5143,0.5517
dubbing in buk-in-hamm,Dubbing Buk-In-Hamm Palace - 2002 Remastered Version,peter tosh,Peter Tosh,0.5135,1.0
love in the darkness,Love - Instrumental,"a.s.o.,",I.A.O,0.5128,0.5
you've got me hung up (chris rhythm wooden tomtom radio edit),You've Got Me Hung Up,king tutt,King Tutt,0.5122,1.0
der prophet,Der Prophet - Remastered Version,eroc,Eroc,0.5116,1.0
dubbing it closer,Could I Be Falling in Love,rowen johnson,Syl Johnson,0.5116,0.6667
"the pop (12"" version)",Complex - Demo Version,gary davis,Gary Numan,0.5116,0.6
going back to my roots,Back On My Feet Again,davidson,Sandy Davis,0.5116,0.5263
picture book,Picture Book - 2018 Stereo Remaster,the kinks,The Kinks,0.5106,1.0
right place wrong time,Mind Playing Tricks on Me,senator jones,Geto Boys,0.5106,0.5455
dreaming of you,Day Is Breaking In My Soul Blues,jobby lynn,Jonny Dillon,0.5106,0.5455
we got one (extended mix),We Got One - Radio Version,max covington,Matt Covington,0.5098,0.8889
no nos pararan (ain't no stopping us now),No Nos Pararan,charanga 76,Charanga 76,0.5091,1.0
you're the one i love,On The Roof,satellite,The Feelies,0.5,0.5
promises,Carousel,tyson,TYSON,0.5,1.0
troll,the rot,dean blunt,Dean Blunt,0.5,1.0
smile please,SOMALIA PARK,dean blunt,Dean Blunt,0.5,1.0
martin puta king,SOMALIA PARK,dean blunt,Dean Blunt,0.5,1.0
wild life,Wild Life - Remastered 2018,wings,Wings,0.5,1.0
cuff link,Cuff Link - Remastered 1993,wings,Wings,0.5,1.0
walk on,Swans,prefab sprout,Prefab Sprout,0.5,1.0
blessed state,Blessed State - 2006 Remastered Version,wire,Wire,0.5,1.0
where are you now,Tower Of Our Tuning,broadcast,Broadcast,0.5,1.0
surf's up,Surf's Up - Remastered 2009,the beach boys,The Beach Boys,0.5,1.0
don't talk too much,The Woman's Touch,johnnie clarke,The Cigarettes,0.5,0.5
here comes,Here Comes the Cigarettes.....,the cigarettes,The Cigarettes,0.5,1.0
knockin',Cruisin',angel grant,D'Angelo,0.5,0.5263
waterfall,Waterfall - Remastered 2009,the stone roses,The Stone Roses,0.5,1.0
stay with me (supertraperazzi remix),Stay With Me,novelist,Novelist,0.5,1.0
all that's good,Baby That's Backatcha,"smokey robinson,",Smokey Robinson,0.5,0.9677
the sound of rain,Cattle And Cane,the go-betweens,The Go-Betweens,0.5,1.0
brawling broads,"Brawling Broads - From The ""Coffy"" Soundtrack",roy ayers,Roy Ayers,0.5,1.0
healing part i,"Healing, Pt. 1 - 2015 Remaster",todd rundgren,Todd Rundgren,0.5,1.0
healing-part 1,"Healing, Pt. 1 - 2015 Remaster",todd rundgren,Todd Rundgren,0.5,1.0
lobster,"Lobster - 12"" Version",the word,The Word,0.5,1.0
lie in the gutter,Not In the Band,peel dream magazine,Peel Dream Magazine,0.5,1.0
if you see me,Sure To See,94 east,14 Iced Bears,0.5,0.5
lover jones,Silver Dagger,johnny guitar watson,Dolly Parton,0.5,0.5
outstanding,I Stand Alone,al. charles,Calif Malibus,0.5,0.5
people of yaruba,Fool for You,mad professor,The Impressions,0.5,0.5
yenkoo ye,Ye Nam Nyaa,nana tuffour,Nana Tuffour,0.5,1.0
we sick,Wife Once,memory of speke,Memory of Speke,0.5,1.0
imunizao racional (que beleza),Que Beleza,tim maia,Tim Maia,0.5,1.0
tippy toes,Kinky Love,nancy sinatra & lee hazlewood,Nancy Sinatra,0.5,0.619
nostalgia (rhythm version),Complex - Demo Version,piero umilani,Gary Numan,0.5,0.5217
i'm out of your life,Another Life,arnie's love,D'Angelo,0.5,0.5
my cadillac,MARSEILLE,sg rilla mane,Ashley Iman,0.5,0.5
radical lover,Iambic 5 Poetry,sunrunners,Squarepusher,0.5,0.5455
jungle fever,Crepuscule Leger,toshihiko mori,Satoshi & Makoto,0.5,0.5333
i wanna be loved,Tired of Being Alone,"johnny green,",Al Green,0.5,0.5714
fica,Call,blastah,Blastah,0.5,1.0
eleanor rigby,Telephone Thing,therapy,The Fall,0.5,0.5333
lucky,Lucky - 12 Inch,ellie hope,Ellie Hope,0.5,1.0
viimne ratsu,Human Nature,vana,Madonna,0.5,0.5455
my dear life,Pop Life,mariangela,Prince,0.5,0.5
turn around,I Stand Alone,charlie megira,Calif Malibus,0.5,0.5185
cope,Cozy,tooper keps,Operelly,0.5,0.5263
i'm not ready for love,I Feel for You,promise,Prince,0.5,0.6154
earth rise,Debris,falconer,Faces,0.5,0.6154
bless you,Bless You - Remastered 2010,john lennon,John Lennon,0.5,1.0
forever in my heart,Free Mind,temptations,Tems,0.5,0.5333
she's not there,She's a Flirt,coaster,Cassie,0.5,0.6154
mabsotah,Stay,simon,Madonna,0.5,0.5
scorpio,Carnation,hoodie x james k,The Jam,0.5,0.5217
light of day,Light Of Day - 2010 Digital Remaster,little river band,Little River Band,0.5,1.0
awoken,Awoken - Chill Out,matthew fisher,Matthew Fisher,0.5,1.0
suzie thundertussy,pure heart,junie,ABUNAI,0.5,0.5455
dream,Treacle,junei' lee,iLEVEL,0.5,0.5
no te estoy mintiendo,Test It,el viaje de las flores,Erika de Casier,0.5,0.5405
donna,Contact,rossella,Kelela,0.5,0.5714
el fino,Still In Love,grupo los yoyi,Rose Royce,0.5,0.5
surf (,Surf (feat. Gunna),"young thug,",Young Thug;Gunna,0.5,0.7407
down 4 u,Only You,"irv gotti,",Jill Scott,0.5,0.5
jeleel!,JULY!,july!,JELEEL!,0.5,0.5
revelation,Rewind,boyell,Kelela,0.5,0.5
perfumed garden (original 1982 version),"Outstanding - Original 12"" Mix",rah band,The Gap Band,0.4928,0.6
when you love someone (club mix),Wouldn't You Love to Love Me?,daphne,Prince,0.4918,0.5
train in vain,Train in Vain (Stand by Me) - Remastered,the clash,The Clash,0.4906,1.0
so you want to be rock 'n' roll star,I Want To Be Fine,byrds,Broadcast,0.4906,0.5714
asafo beesuon,"Asafo Beesuon Medley - Mr. Bongo 7"" Edit",c.k. mann & his carousel 7,C.K. Mann & His Carousel 7;Mr Bongo,0.4906,0.8525
the world is getting worse,Then we could be free..,monik,MIKE,0.4898,0.6667
bondage of the mind,One Second to Toe the Line,cindy lee,Cindy Lee,0.4889,1.0
concert boy,"Concert Boy - Original 12"" Version",cube,Cube,0.4889,1.0
walk with your romance,"Walk With Your Romance - A story of a Global Disease LP, bonus track",naomie klaus,Naomie Klaus,0.4889,1.0
sometimes timid / my womb,This Is A Foxy World,two tone,Tom Tom Club,0.4889,0.5
every night,One More Saturday Night - Live,mccartney,CAN,0.4878,0.5
half the day is night,Galatea's Guitar,gabor szabo,Gábor Szabó,0.4865,0.8182
sway walking (edit),Working it out,ml buch,ML Buch,0.4848,1.0
forever monna,From the Planet Moon,"chez damier,",The Zoomers,0.4848,0.5217
brothers and sisters,Echo's Answer,bongmaster,Broadcast,0.4848,0.5263
boy i can dance,You Can Call Me Al,palmbomenii,Paul Simon,0.4848,0.5714
in the beginning,"In The Beginning, There Was Rhythm - Early Version",the slits,The Slits,0.4848,1.0
les amis (actual magic remix),Il est tout pour moi - Stereo Mix,francois de roubaix,Françoise Hardy,0.4839,0.5882
star and bars,Is It Any Wonder,stars 'n' bars,Peter Bardens,0.4828,0.5185
love come thru,Come Go With Me,syren,Ashaye,0.4828,0.5455
il ne dira pas,Il ne dira pas - Single Edit (2021 Remaster),etienne daho,Étienne Daho,0.4828,0.9167
them changes,The Woman's Touch,thunder cat,The Cigarettes,0.4828,0.56
a fluor,A flúor - Versión maxi,derribos arias,Derribos Arias,0.4828,1.0
me & the moon,Faking The Books,alice phobe lou,Lali Puna,0.4828,0.5
lost children,Un soir un chien,veronica mickie,Les Rita Mitsouko,0.4828,0.5
untitled,Put a Little Away,unknown artist,Innovations,0.48,0.56
love dons,Alone - Paradise,unknown artist,Don Carlos,0.48,0.5
alpha centauri,Accidentals,ronald laangestraat,Broadcast,0.48,0.5
the good thing,In The Wind,misha panfilov,Misha Panfilov,0.48,1.0
going on,Opening up to You,ray peralta,Laura Allan,0.48,0.5455
i'm just beginning to live,The Morning of Our Lives,jonathan richman and the modern lovers,Jonathan Richman & The Modern Lovers,0.48,0.9459
thinking of you,Inside Out,jeremiah r,Jesse Rae,0.48,0.5263
boy i can dance,Confidence,palmbomen ii,Mode I/Q,0.48,0.5
tongue,Tongue - Remastered,r.e.m.,R.E.M.,0.48,1.0
love machine,Love Machine - im:Takt Remix Club Edit,supermax,Supermax,0.48,1.0
incendiary,Late One Sunday,the euphoria case,The American Analog Set,0.48,0.55
sandy skies,It's Only Life,garbage & the flowers,The Feelies,0.48,0.5
dolla bill (,Don't Tell Me,manson family,Madonna,0.48,0.5
the black door,On The Roof,cole berliner,The Feelies,0.48,0.5
rose and thorn,On The Roof,13th floor elevations,The Feelies,0.48,0.5
don't you know,On The Roof,the moonlighters,The Feelies,0.48,0.5926
my thing,Something Strange,deborah glasgow,Doug Ashdown,0.48,0.5185
il prend le train ce soir,Mind Playing Tricks on Me,kekko bravo,Geto Boys,0.48,0.5
bless those,Bless Those (Little Annie's Prayer),little annie,Little annie,0.4783,1.0
donna air,SOMALIA PARK,dean blunt,Dean Blunt,0.4762,1.0
untitled,Haunted House,"skee mask,",Lee Oskar,0.4762,0.5263
the crystals,Fox Tales,no one ever tells you,Jon Iverson,0.4762,0.5
heavy rock,On The Roof,the revolutionaires,The Feelies,0.4762,0.6
heaven,The Great Curve,talking heads,Talking Heads,0.4762,1.0
sunday,I Found My Baby,the apryl fool,The Gap Band,0.4762,0.5385
tiny demons,Hangin' On,todd rungren,Al Green,0.4762,0.5
indian summer,informer,opal,oakland,0.4762,0.5455
i'm so tired,I'll Stay,fugazi,Funkadelic,0.4762,0.5
secret streets,Express,steve,52nd Street,0.4762,0.5
touch me (all night long),Goodnight Tonight,"wish,",Wings,0.4762,0.6
summerdays,Documentary,dreamworld,Reymour,0.4762,0.5882
cosmic dancer,Main Man,"t. rex,",Marc Bolan;T. Rex,0.4762,0.5
the letter,On The Roof,the medalions,The Feelies,0.4762,0.6667
a day laye,Mystic Lady,t.rex,T. Rex,0.4762,0.9091
in time,It's Only Life,the pentangle,The Feelies,0.4762,0.5833
coffee time,Wintertime,d-tune,D-Sire,0.4762,0.5
y tymhorau,In the Rain,ffenestri,Ernest Ranglin,0.4762,0.6087
in the disko,Rain Down,p.t.a.t.c.c.o.,a.s.o.,0.4762,0.5
keep on walkin',Talkin,cece peston,Vee Gees,0.4762,0.5263
boilng boy (10:20 version),Strange - 2006 Remastered Version,wire,Wire,0.4746,1.0
a day in the life,Half The Day Is Night,"gabor szabo,",Gábor Szabó,0.4737,0.7826
i did it just the same,It Be's That Way,eurhythmics,Curly Myrick,0.4737,0.5217
da inaruxi wang -grand espoir-,大いなる希望 - 2021 Remastering For Grand Espoir,yukihiro takahashi,Yukihiro Takahashi,0.4722,1.0
soul monday,Tukani (Monday Is Grey),cleaners from venus,The Cleaners From Venus,0.4706,0.9048
tukani (monday is grey),Soul Monday,cleaners from venus,The Cleaners From Venus,0.4706,0.9048
give me back my man,Dirty Back Road,b-52's,The B-52's,0.4706,0.75
dirty back road,Give Me Back My Man,b-52's,The B-52's,0.4706,0.75
"turn me on (""o"" mix)",Its me ( g 8 ),"acr,",Actress,0.4706,0.5455
this heat,The Line,the flamingos,The GN Band,0.4706,0.5
cool cat,Cool Cat - Remastered 2011,queen,Queen,0.4706,1.0
gene harris,Debris,as,Faces,0.4706,0.5714
frontline,Talibans,bourbonese qualk,Byron Messia,0.4706,0.5
silent water,Reflections After Jane,ellie o'neill,The Clientele,0.4706,0.5385
you'll never get my love,So In Love,mike jemison,Smokey Robinson,0.4706,0.5926
this love version,Haja o que houver,"doreen,",Madredeus,0.4706,0.5
she beats in my heart,Home Business,the fates,The GN Band,0.4706,0.5
ulla,Ulla / Trance,steve kuhn,Steve Kuhn,0.4706,1.0
hold on,Send It On,shane o,D'Angelo,0.4706,0.5333
my boss,Sandy Toes,linda franco,Linda Perhacs,0.4706,0.72
art and freight,For Belgian Friends,durutti column,The Durutti Column,0.4706,0.875
kona winds,Margins,"marvin franklin,",Thomas Brinkmann,0.4706,0.5
my army of lovers,Haja o que houver,various,Madredeus,0.4706,0.5
breakdown,Cracking,one dove,Suzanne Vega,0.4706,0.5
posed by models,Posed By Models - Taken From The Final Day Single,young marble giants,Young Marble Giants,0.4688,1.0
loaded (terry farley re-mix),Loaded - Remastered,primal scream,Primal Scream,0.4681,1.0
a personal issue,Gamma Ray Blue,cleaners from venus,The Cleaners From Venus,0.4667,0.9048
chega de saudade,Águas de Março,joao gilberto,João Gilberto,0.4667,0.9231
radio love,If You Don't Love Me,prefab sprout,Prefab Sprout,0.4667,1.0
all about the paper,On The Roof,the dells,The Feelies,0.4667,0.7
step on,Step On - 2007 Remaster,happy mondays,Happy Mondays,0.4667,1.0
marlene,Marlene - 2015 Remaster,todd rundgren,Todd Rundgren,0.4667,1.0
lian hatao se,Dancing To Forget,xi ye qing chen,Romie Singh,0.4667,0.5385
jericho,Jericho - 2008 Remaster,simply red,Simply Red,0.4667,1.0
dream lover,Do Yourself A Favor,arion,Prince,0.4667,0.5455
meaning business,Getting Closer,wendy eisenberg,Lewsberg,0.4667,0.5217
wir sind uns nah,How I Need Him,"lude lafayette,",Diane Lancaster,0.4667,0.5333
a zed and two l's,A New England,fila brazilia,Billy Bragg,0.4667,0.5
neil young,Can I Call You Rose?,mr soul,Thee Sacred Souls,0.4667,0.5
uno por ellas,Wivenhoe Bells II,canserbero,Cleaner From Venus,0.4667,0.5
caught in a heatwave,Just Like in the Movies,moscos & stone,Bloodstone,0.4651,0.5833
it's my house (version),It's Gonna Be Lonely,laraine,Prince,0.4651,0.6154
my face won't come together,Wouldn't You Love to Love Me?,pietro dinzee,Prince,0.4643,0.5263
earth rise,Alone - Paradise,unknown artist,Don Carlos,0.4615,0.5
drama drama,"Drama, Drama - 2021 Remaster",telex,Telex,0.4615,1.0
triste,Hipnose,elis regina/antnio carlos jobim,Antonio Carlos & Jocafi,0.4615,0.6296
grounds for separation,Sweet Inspiration,hall & oates,The Yandall Sisters,0.4615,0.5161
feelin who you are (original),I Can Be Your Boyfriend,peven everett,Peven Everett,0.4615,1.0
don't interrupt the sorrow,For the Roses,joni mitchell,Joni Mitchell,0.4615,1.0
bizarre,Blurry,rip swirl,RIP Swirl,0.4615,1.0
here it comes again,Heaven Is No Feeling,cate le bon,Cate Le Bon,0.4615,1.0
dance to the talking flower,The Leanover,alice through the looking glass,Life Without Buildings,0.4615,0.5283
circle,Trouble,david cunningham,Lindsey Buckingham,0.4615,0.5294
bizarre,Blurry,"rip swirl,",RIP Swirl,0.4615,0.9474
who loves the sun,I Was Born to Love You,velvet underground,Herbert Hunter,0.4615,0.5
oops! there goes my 20s (bootleg),Here Comes the Moon,harriet brown,George Harrison,0.4615,0.5
stuck on you,I Feel for You,sardine,Prince,0.4615,0.6154
set your mind to it,I'm Glad You're Mine,gallifre,Al Green,0.4615,0.5
night or day,I Feel for You,cris cohen,Prince,0.4615,0.5
soto wa minna,Mountain Lake,minako yoshida,No Deposit,0.4615,0.5
luna turca,Universal Mother,don cherry,Don Cherry,0.4615,1.0
butterfly friend,Brown Rice,don cherry,Don Cherry,0.4615,1.0
into the heart of the matter,On The Roof,"the zenmenn,",The Feelies,0.4615,0.5217
i'm not alone (radio edit),I Stand Alone,calvin harris,Calif Malibus,0.4615,0.6154
it's your world,When You Are Who You Are,gil scott-heron and brian jackson,Gil Scott-Heron,0.4615,0.625
disney girls,It's Only Life,the beach girls,The Feelies,0.4615,0.5385
share the world,On The Roof,the dealers,The Feelies,0.4615,0.7273
"hand on my heart (12"" version)",Petulant - Sax Version,shriekback,Shriekback,0.4615,1.0
desperate,Sweet Inspiration,micheal sterling,The Yandall Sisters,0.4615,0.5143
circle,My Girl,"sam gendel,",Al Green,0.4615,0.5263
what it comes down to,When england comes,isley brothers,Pollyfromthedirt,0.4615,0.5333
cattle and cane,Outstanding,the go-btweens,The Gap Band,0.4615,0.5385
touch the leather,Hit the North - Part 2,the fat white family,The Fall,0.4615,0.5
so long,Spring,mr. myer,Maria Somerville,0.4615,0.5
let's do it,Come Go With Me,marquis hawkes,Ashaye,0.4615,0.5
o dance (remix),I Want More,con anima,CAN,0.4615,0.5
another night,Are You There,samizdat,America,0.4615,0.5333
i see you,Rise,rock feller,GABRIELLE,0.4615,0.5
juices,Friends,fandam,Aquarian Dream,0.4615,0.5
the dream,Touch The Leather,sofa elswhere x saeko killy,Fat White Family,0.4615,0.5116
tonight,The Nights Are Cold,richard hawley,Richard Hawley,0.4615,1.0
i believe in love,Never Gonna Die - Live,"baba stiltz,",Robbie Stickland,0.4615,0.5
ragga,Dreaming,martina topley-bird,Maria Somerville,0.4615,0.5143
eternal wait time,Real Life,montana,Emiranda,0.4615,0.5333
untitled,Find A Little Wood,"rex,",T. Rex,0.4615,0.6
standing here,Mountain Lake,"novelist,",No Deposit,0.4615,0.5263
nothing is what it seems,The One to Wait,fx,CCFX,0.4615,0.6667
love is the key,Love On A Two Way Street,leroy green,Grant Green,0.4615,0.6364
stuck on you,I Feel for You,sardine v,Prince,0.4615,0.5333
river in blackheath,Grazing In The Grass,hugh b.,Hugh Masekela,0.4615,0.5
outer space,Cruiser's Creek,the tassilli players,The Fall,0.4615,0.5
jorge ben e fabio jr.,Your Love Makes Me a Winner,katarina,arian,0.4583,0.6154
don't make me want,People Make The World Go Round,the chimes,The Stylistics,0.4583,0.5
live with the moon,People Make The World Go Round,the chayns,The Stylistics,0.4583,0.5
boy (demo),Boy - Demo; 2016 Remaster,book of love,Book Of Love,0.4571,1.0
amphibian girl,I Believe In Miracles,misha paniflov,Mark Capanni,0.4571,0.5385
out of your mind,Thousand Finger Man,cc:disco!,Candido,0.4571,0.5
time out for love,The Story Of Light,william hart,William Orbit,0.4571,0.8
good morning blues,Not Bound to Lose,beverly copeland,Dave Plaehn,0.4571,0.5185
turn up the music,Islands In The Sky,"roy hamilton,",Murry Wilson,0.4571,0.56
something beautiful,It's Gonna Be a Beautiful Night - Live,spinetta,Prince,0.4561,0.5714
clara bow,Only a Shadow,cleaners from venus,The Cleaners From Venus,0.4545,0.9048
only a shadow,Clara Bow,cleaners from venus,The Cleaners From Venus,0.4545,0.9048
u n me,If You'd Be Mine,hi mount,Shuggie Otis,0.4545,0.5
out of town,Soul Monday,water from your reyes,The Cleaners From Venus,0.4545,0.5
unreleased song,Orleans,david crosby,David Crosby,0.4545,1.0
love's too hot to hide,Lovers In The Backseat,clifford coulter,Scissor Sisters,0.4545,0.5161
fixing a hole (mono remix from take 2),In My Life - Remastered 2009,the beatles,The Beatles,0.4545,1.0
switch tae u,Inside Out,jesse rae,Jesse Rae,0.4545,1.0
inner beauty,Love Beams,lonnie liston smith & the cosmic echoes,Lonnie Liston Smith;The Cosmic Echoes,0.4545,0.9474
i'm over,My Man On Love,judee sill,Judee Sill,0.4545,1.0
the fat woman,headboard,lil ugly mane,Lil Ugly Mane,0.4545,1.0
up so high,What Up Dog?,what's new,Was (Not Was),0.4545,0.5217
on top of a mountain,Stop the World for a Day,stephen wainwright,The Twilights,0.4545,0.6452
this boy,Something blue,hiroshi satoh,Hiroshi Yoshimura,0.4545,0.6667
just fine,I Stand Alone,calibre,Calif Malibus,0.4545,0.5
on top of a mountain,Stop the World for a Day,stepehen wainwright,The Twilights,0.4545,0.625
what'llya do/what'llya say?,Will You Satisfy?,michael hurley,Cherrelle,0.4545,0.5217
mr fortunate,The Bottle,lil yachty & tierra whack,Gil Scott-Heron & Brian Jackson,0.4545,0.5
la liblula,Plastic Doll,"eduardo mateo,",Dharma,0.4545,0.5
give it to me,Love Life,sunshine,saturn's ringz,0.4545,0.5455
losing true,On The Roof,the roaches,The Feelies,0.4545,0.5455
glass dreams,Cul De Sac,"kevin mccormick,",Van Morrison,0.4545,0.5
let's go,It's Only Life,"the goodfellas,",The Feelies,0.4545,0.6154
i stand alone,Just Talk,calif. malibus,A.C. Marias,0.4545,0.56
nothing i'd rather be (than your weakness),Hanging on the Telephone,"m-w-t express,",The Nerves,0.4545,0.5
in my pocket,Lovin' You,mini snap,Minnie Riperton,0.4545,0.5
you and me both,You Turn Me Around - Karu Mix,arthur russel,Nature Love,0.4545,0.5
the small hours,The Mercury Girl,cleaners from venus,The Cleaners From Venus,0.4516,0.9048
a fool like you,A Personal Issue,cleaners from venus,The Cleaners From Venus,0.4516,0.9048
he's coming back,Strolling Along,robert clayborne,Robert Lester Folsom,0.4516,0.5
midnight man,Walking In The Rain,flash and the pan,Flash and the Pan,0.4516,1.0
go for it,Are You Ready for This,spirit of brotherhood,The Brothers,0.4516,0.5455
can you tell,What Can I Give You,margo guryan,Margo Guryan,0.4516,1.0
tropical fantasy,Strolling Along,robert kishore,Robert Lester Folsom,0.4516,0.5294
tempo de estio,Wivenhoe Bells II,"caetano veloso,",Cleaner From Venus,0.4516,0.5455
instant crush,Something About Us,daft punk,Daft Punk,0.4516,1.0
dancing ghosts,Misunderstandings,chris and cosey,Chris & Cosey,0.4516,0.8571
addicted to losing,Thief Of Love,stiltz- rowley,Patrick Cowley,0.4516,0.5714
here with no fear,It's Only Life,the verge,The Feelies,0.4516,0.6
another night like this,The Line,the living end,The GN Band,0.4516,0.64
in the right place,Over The Hill,josh jo armstead,John Martyn,0.4516,0.5185
don't hurt me no more,Do the Job,wendy woods,Use No Hooks,0.4516,0.5217
american sunset,My Sunshine Girl,jake adkins,The Radiants,0.4516,0.6087
(don't) turn me away,Documentary,rexy,Reymour,0.4516,0.5455
cry love,Express Your Love Theme,the sweet & innocent and the memphis mustangs,The Memphis Mustangs,0.4516,0.6154
i don't know yet,Love On A Two Way Street,rat heart,Grant Green,0.45,0.5
when the birds return,Tender Is The Night,bill nelson,Bill Nelson,0.45,1.0
waking in the jungle,Lost In The Paradise,urang otan,Gal Costa,0.45,0.5263
is there love in outer space?,Outta Space,jimi tenor,Jimi Tenor,0.45,1.0
know i'm not the one,Until The Rain Comes,napoleon cherry,Don Cherry,0.45,0.72
there's a woman,The Emperor's New Clothes,gina soccio,Sinéad O'Connor,0.45,0.5385
there's no way (club mix),He's An Oddball,trevor walters,The Lewis Sisters,0.45,0.5161
mu-tron (spaced),Mu-Tron - 2017 Remastered Version,super furry animals,Super Furry Animals,0.449,1.0
faith is the key,Happiness Is Just Around the Bend,enlightenment,The Main Ingredient,0.449,0.5
band on the run,I Thought I Heard You on the Radio,paul mccartney & wings,Paul McMahon,0.449,0.5294
come back tomorrow,Come to Me (One Way or Another),marcia johnson,Jermaine Jackson,0.449,0.5333
the flower called nowhere,The Night We Saw The Sun,sterolab,Steve Gray,0.449,0.5556
orange coloured liquid (part. i),Leave Your Life - Lonely Hearts Mix,alex kassian x spooky,Alex Kassian,0.4478,0.7273
lofty skies,Low Sun,tyrannosaurus rex,Hermanos Gutiérrez,0.4444,0.5143
single girl,Seabird,unknown artist,Innovations,0.4444,0.56
a girl with cars in her eyes,A Wretched Street,cleaners from venus,The Cleaners From Venus,0.4444,0.9048
vento de maio,Toda Essa Água,lo borges,Lô Borges,0.4444,0.8889
afro cubanism,Garden Botanum,yussef davis,These Trails,0.4444,0.5
tonight,Outstanding,"horace andy,",The Gap Band,0.4444,0.5
the drug,Angel Dust,ryksopp,TYSON,0.4444,0.5
?quien?,¿Quién? - Remastered,juana molina,Juana Molina,0.4444,1.0
wigs,Swans,prefab sprout,Prefab Sprout,0.4444,1.0
delius (song of summer),Delius - 2018 Remaster,kate bush,Kate Bush,0.4444,1.0
under the bridge,Pure Shores,all saints,All Saints,0.4444,1.0
blue morning,Late One Sunday,the kiwi animal,The American Analog Set,0.4444,0.5263
magenta sky,Make It With You,roland young,Claudine Longet,0.4444,0.5185
"oye mama, oye papa","Oye papá, oye mamá",jeanette,Jeanette,0.4444,1.0
blue motel room,Cold Blue Steel and Sweet Fire,joni mitchell,Joni Mitchell,0.4444,1.0
long time,Remind Me,womack and womack,Candy McKenzie,0.4444,0.5161
weit fort,Keys to Your Heart,harte 10,The 101ers,0.4444,0.5556
heartbreak girl,Capture This,bunny brown,Gianni Brezzo,0.4444,0.5
meteor,Eternal Life,misha panflov,Shira Small,0.4444,0.5
triangle,Mind Holes,yuko kono,Yoko Ono,0.4444,0.8235
fish two,Fish 2 - Remastered,colin newman,Colin Newman,0.4444,1.0
adore,Pope,icube,Prince,0.4444,0.5455
love's tto hot to guide,Lovers In The Backseat,clifford coulter,Scissor Sisters,0.4444,0.5161
this love,Melodia das Flores,doreen schaeffer,Green Catani,0.4444,0.5
i really love you so,Over You - Mix 2,gold in the shade,Gold In The Shade,0.4444,1.0
eddie my love,It's Only Life,the teenqueens,The Feelies,0.4444,0.64
to be free,You Can Be a Star,luther davis group,Luther Davis Group,0.4444,1.0
sais (egypt),Sunset,lonnie liston smith & the cosmic echoes,Lonnie Liston Smith;The Cosmic Echoes,0.4444,0.9474
mea uma (,Pua Maliu,leao,LEAO,0.4444,1.0
/ mea uma,Pua Maliu,leao,LEAO,0.4444,1.0
bali,Angel,malor,Madonna,0.4444,0.5
shop lifters,Towers,ivor cutler trio,IN THE TRUNK,0.4444,0.5
dolphin,Sleep Thief,"loris s. sarid,",Luis Navidad,0.4444,0.5185
on the mountain,Back On My Feet Again,john david,Sandy Davis,0.4444,0.5714
chant d'ailleurs,Controversy,patrice gelsi,Prince,0.4444,0.5263
a whole heap of vibes,Castles Of Sand,the blackstones,Jermaine Jackson,0.4444,0.5161
walk with my dreams,Call Of The River,putty in her hands,Linda Perhacs,0.4444,0.5161
keep on movin (club mix),When I'm in Your Arms,soul ii soul,Cleo Sol,0.4444,0.5
tears (original mix),Over You - Mix 2,"chaos in the cbd,",Gold In The Shade,0.4444,0.5882
love is blind,Who You Foolin,"dunn,",Gunna,0.4444,0.6
wild fire,Melodia das Flores,garratt lane,Green Catani,0.4444,0.5
rodeo,Dove,tryphe,T. Rex,0.4444,0.5
revenge,Tired of Being Alone,taly sweet,Al Green,0.4444,0.5556
mea uma (,Pua Maliu,"leao,",LEAO,0.4444,0.8889
trouble,Tired of Being Alone,cat stevens,Al Green,0.4444,0.5263
i can't wait until i see my baby's face,I Found My Baby,arthea franklin,The Gap Band,0.4444,0.5185
incendiary,Misunderstandings,euphoria case,Chris & Cosey,0.4444,0.5385
moments in soul,This Is Love,j.t & the big family,Sly & The Family Stone,0.4444,0.619
portrait for frazer,Sketch For Summer,durutti column,The Durutti Column,0.4444,0.875
the square,Red Square - 2024 Remaster,durutti column,The Durutti Column,0.4444,0.875
the be colony,Tender Buttons,"broadcast,",Broadcast,0.4444,0.9474
butterflies,Foolish,shanti celeste,Ashanti,0.4444,0.5714
me da um beijo,O Samba da Minha Terra,"alceu valenca,",Rosinha De Valença,0.4444,0.5625
drifting,Tower Of Our Tuning,trbrot,Broadcast,0.4444,0.5333
a voyage north,Hit the North - Part 2,"glenn fallows,",The Fall,0.4444,0.5455
my story changes,Strange Relationship,rick penta,Prince,0.4444,0.5
give it up turn it loose,Without Love,james brown live,Peter Brown,0.4444,0.5185
cafe del pijp,Cidade a arder,gilb'r,Pilar,0.4444,0.5455
linin' track,Universal Train,les baxter's balladeers,Father's Children,0.4444,0.5
any minute,The Line,illinois band,The GN Band,0.4444,0.5
lindo,Lady,wanderla,D'Angelo,0.4444,0.5
auntie aviator,May You Never,john martyn & beverly martyn,John Martyn,0.4444,0.5641
how they made it,He Turns My Radio On,"tim koh,",Jim Ford,0.4444,0.5
"love, love, love (main 12"" mix)",Love Love Love,those guys,Those Guys,0.4444,1.0
i'm a gambler,It's Only Life,pete dello & friends,The Feelies,0.4444,0.5161
ping ting best,Dance Tonight,ru paul,Lucy Pearl,0.4444,0.5882
obeah,Easy,manhattan charlie's roots,Mata Hari,0.4444,0.5294
all i need,The Line,air french band,The GN Band,0.4444,0.5385
we met in december,Tell Me What It Is,peter reno,"Tyler, The Creator",0.4444,0.5
he's leaving,Universal Train,cate lebon,Father's Children,0.4444,0.5185
home business,Who You Foolin,gn,Gunna,0.4444,0.5714
sincerely yours,Shame on You,forslag musk,Lord Tusk,0.4444,0.5714
weit fort,Keys to Your Heart,hrte 10,The 101ers,0.4444,0.5882
5 minutes (r-r-r radio mix),Springfield (DFA Remix),arthur russell,Arthur Russell,0.44,1.0
don't hide your love from me,Hit the North - Part 2,the folklords,The Fall,0.44,0.6667
make the loose ends meet,The Woman's Touch,rat heart,The Cigarettes,0.439,0.5217
land of the loops,Ain't No Stopping Us Now,growing concern,Risco Connection,0.439,0.5161
be thankful (instrumental),A Tour in Italy,bryan austin,Bandaid,0.439,0.5263
ventura highway,Put a Little Away,unknown artist,Innovations,0.4375,0.56
somewhere good,The Turning Ground,tara clerkin trio,Tara Clerkin Trio,0.4375,1.0
love come through,Come Go With Me,syren,Ashaye,0.4375,0.5455
may you never,You Only Live Twice,"john martyn,",John Barry,0.4375,0.7273
he's leaving,Heaven Is No Feeling,cate le bon,Cate Le Bon,0.4375,1.0
temperature's rising (remix),The Start of Your Ending (41st Side),mobb deep,Mobb Deep,0.4375,1.0
somewhere i belong,Smooth Sailin',gabor szabo,Gábor Szabó,0.4375,0.8182
movement # 3,Alegria Em Movimento,misha panfilov,Misha Panfilov,0.4375,1.0
return of the mack,I Love Jamaica,rockie campbell,Georgie Fame,0.4375,0.5185
a map of africa,Life Is A Rip Off,ian martin & paul fishman,Anti-Establishment,0.4375,0.5116
lost in vegas,Almost Ma Sel Again,some treat,Jesse Rae,0.4375,0.5263
balladeers linen',Made up in Blue,les baxter's,The Bats,0.4375,0.6
five moments,Never No More Lonely,field mice,Fingers Inc.,0.4375,0.5455
emotional men,Backfield in Motion,ethimm,Mel & Tim,0.4375,0.5333
no one like you,Give Me Your Love,robert glasper experiment,Robert Ffrench,0.4375,0.5128
when i come knocking,I Choose You,poncho c. saint fingers,Chicago Gangsters,0.4375,0.5
theme of angels,The Woman's Touch,stairsteps,The Cigarettes,0.4375,0.5
heroes of the conquest,Les Fleurs,invisible session,Minnie Riperton,0.4375,0.5
visions of you (radio edit),I Am Stretched on Your Grave,sinead o' connor,Sinéad O'Connor,0.4364,0.9032
walk around the block,I Thought I Heard You on the Radio,peel dream machine,Paul McMahon,0.4364,0.5333
nau sem rumo,O Trem Azul,lo borges,Lô Borges,0.4348,0.8889
thinking of you,Stir Fry,maureen,Lauren Duffus,0.4348,0.5
fire dance,Dear Prudence,gabor szabo,Gábor Szabó,0.4348,0.8182
dear prudence,Fire Dance,gabor szabo,Gábor Szabó,0.4348,0.8182
cerre los ojos,True Lies,veronik,Toni,0.4348,0.5455
liquid deep,Diamond Eyes,sasac + dreamcast,Tom Noble;dreamcastmoe,0.4348,0.5128
waiting for us,Strangers,shiny too shiny,Sinking ships,0.4348,0.5
shut the door,pure heart,saada bonairea,ABUNAI,0.4348,0.5
lost in love,Outstanding,the foxrun band,The Gap Band,0.4348,0.6667
bepo so dua,Mada Meho So,(ode ne ho) atta frimpong,Thomas Frempong,0.4348,0.55
gathers no moss,The Line,the shadows,The GN Band,0.4348,0.5455
nobody knows,Lofty Skies,"t. l. barrett,",T. Rex,0.4348,0.5
slacking off,Outstanding,the nassauvians,The Gap Band,0.4348,0.5185
diggin' it,Don't Tell Me,"dunn,",Madonna,0.4348,0.5
fever times,Fader - Edit,sun rhythms,Róisín Murphy,0.4348,0.5
wouldn't cry,On The Roof,sneaky feelings,The Feelies,0.4348,0.6154
eleanor rigby,Pass on By,hayes primary school,Charlie Rich,0.4348,0.5
blurton road,Ikeja Roads,"toyin agbetu,",Tony Allen,0.4348,0.5217
on tha double,Until Then,the establishment,Tresa Leigh,0.4348,0.5
love song,Weekend Loving,"eddie lang,",Jennifer Lara,0.4348,0.5
turn me loose,pure heart,blue night,ABUNAI,0.4348,0.5
dateline,More Trife Life,jamma dee,Mobb Deep,0.4348,0.5556
live session,The Western,womb,Woo,0.4348,0.5714
upside down in an empty room,Cupid De Locke - Remastered 2012,"the reds, pinks & purples",The Smashing Pumpkins,0.4333,0.5217
un cam ymlaen,A Young Girl's Complaint,emyr jirsek a'r lliwiau,Emahoy Tsege Mariam Gebru,0.4324,0.5
supersonic magatonic flash,Sure To See,ice water slim,14 Iced Bears,0.4324,0.5185
supersonic megatonic flash,Sure To See,ice water slim,14 Iced Bears,0.4324,0.5185
where's your money (lp),There She Goes,"busta rhymes,",Fabulous Performers,0.4324,0.5
midtown 120 blues,It's Gonna Be Lonely,dj sprinkles,Prince,0.4324,0.5556
have you seen a horizon lately,High On A Rocky Ledge,"yoko ono,",Moondog,0.4314,0.5
tears on his rings and chains,Tinseltown in the Rain,"dean blunt,",The Blue Nile,0.4314,0.5
when the earth was flat,You're the Only One Watching,lake,MIKE,0.4314,0.5
keep your faith to the sky,Right On For The Darkness,"willie scott,",Willie Wright,0.4314,0.6154
skyfire,Seabird,unknown artist,Innovations,0.4286,0.56
grunge,Carousel,tyson,TYSON,0.4286,1.0
oozewald,WOOSAH,dean blunt,Dean Blunt,0.4286,1.0
tunnel view,Unchanging Window,broadcast,Broadcast,0.4286,1.0
ur ghost is my shadow,How Deep Is Your Love,ben bondy (ft kissen),Benny Martin,0.4286,0.5455
"out of me, out of you",Method of Modern Love,daryl hall & john oates,Daryl Hall & John Oates,0.4286,1.0
seventh heaven (uptown mix),Etched in Stone,deception,Sepiatone,0.4286,0.5556
shine a light (,Swingin Party,shabazz palaces,The Replacements,0.4286,0.5161
small hours (part 1),A Song for Syd Barrett,the cleaners from venus,The Cleaners From Venus,0.4286,1.0
ram on,Emotions,"paul mccartney,",Mariah Carey,0.4286,0.5185
sg suprasound,Estoy Brillando,folie 2,Fe 59,0.4286,0.5
something,That Summer Feeling,bing bang and the entertainers,Jonathan Richman & The Modern Lovers,0.4286,0.5152
tired of being bad,Echo Beach,shannon and the clams,Martha and the Muffins,0.4286,0.6047
dancing,Changes,imagination,Imagination,0.4286,1.0
eronu,Reduction,gasper-lawal,Material,0.4286,0.5
otrio,Corporeal,bocato,Broadcast,0.4286,0.6667
na my life be dis,Sandy Skies,betty & the code red,The Garbage & the Flowers,0.4286,0.5333
help us spread the message,Can't You See Me,mighty ryeders,Roy Ayers,0.4286,0.5217
the seeker,These Falling Arms,the chicken and the gg,The Sea and Cake,0.4286,0.5789
banjo 7 against 5,AI AI AI AI,john lurie,John Lurie,0.4286,1.0
what you want (remix),Dreaming (Jungle Mix),"mase,",Ashaye,0.4286,0.5455
just your love,It's Only Life,the antennas,The Feelies,0.4286,0.5217
dub me right,One More Saturday Night - Live,tica,CAN,0.4286,0.5714
stay rad,Lost In The Paradise,abigail snail,Gal Costa,0.4286,0.5455
hard times,Cars,piero umliani,Gary Numan,0.4286,0.5217
weapon of peace,Long Long Way,jah love,Jah Wobble,0.4286,0.6667
the answer,These Falling Arms,jodesha and strar ride,The Sea and Cake,0.4286,0.5263
v37alice,Accuse,sasac,Alaska,0.4286,0.5455
waiting on you,It's Only Life,the pendletons,The Feelies,0.4286,0.64
i like rain,Sweet Inspiration,the jean-paul sartre experience,The Yandall Sisters,0.4286,0.52
divine,The Line,the dave and phil duo,The GN Band,0.4286,0.5
untitled,Functions On the Low,naffi sandwich,Ruff Sqwad,0.4286,0.5
i wanna smoke,Right Down Here,gangsta pat,Asha Puthli,0.4286,0.5455
one little dub,Moonlight Flat,b.b. seaton,A.R. Wilson,0.4286,0.5455
golden eagle flight,Real Life,mirage,Emiranda,0.4286,0.5714
passion,Keep On,taffy,Firefly,0.4286,0.5
love is good,I Love Every Little Thing About You,skyrager,Syreeta,0.4255,0.5333
i whisper role over,Don't I Ever Cross Your Mind,barbara marchand,Barbara Mason,0.4255,0.7586
i'll be long gone,Come On Let's Go,bozz scaggs,Broadcast,0.4242,0.5
lil' red boat,Tired of Being Alone,angel grant,Al Green,0.4242,0.6316
if i had loved you,I Want You Back,sunshine-earth band,Esso Trinidad Steel Band,0.4242,0.5116
la fille que rit,A Love Reputation,premiere classe,Denise LaSalle,0.4242,0.5517
la fille qui rit,A Love Reputation,premiere classe,Denise LaSalle,0.4242,0.5517
quips and cranks,Hustle Ain't Over,c. cordio,C. M. Toni,0.4242,0.5263
the screams of passion,On The Roof,the family,The Feelies,0.4242,0.5714
bring it down,Functions On the Low,ruff sqwad,Ruff Sqwad,0.4242,1.0
places and spaces,Alone - Paradise,donald byro,Don Carlos,0.4242,0.5714
drive (first mix),Five Day Morning,"dj central,",The Clientele,0.4242,0.5
ibakish tarekigne,Atmetalegnem Woi,hailu mergia and wallia's band,Hailu Mergia;The Walias,0.4242,0.717
is it like or love,LOOK OUT FOR ME,rickenstein,Turnstile,0.4242,0.5
if you really want to go,Hollywood,donethon,Madonna,0.4242,0.5333
nan ye li kan,I'm Glad You're Mine,mac gregor,Al Green,0.4242,0.5556
this heart of mine,I Start to Stop,carlton and the shoes,Martha and the Muffins,0.4242,0.6047
phoenix at desert,Forbidden Dreams,akio,Shakti,0.4242,0.6
in sepia tone,Everything She Wants,sepia tone,The Egyptian Lover,0.4242,0.5
five hundred miles,Gimme A Uniform,mamman sani abdoulaye,Captain Sensible,0.4242,0.5405
shall we go (extended version),A flúor - Versión maxi,dropbears,Derribos Arias,0.4231,0.5217
untitled,In The Sand,i level,iLEVEL,0.4211,0.9231
fool's gold,Tiny God,stone roses,Mylo Stone;Frenic,0.4211,0.5
friends,"Caroline, No",the beach boys,The Beach Boys,0.4211,1.0
data foresta,Meteora,ssiege,SSIEGE,0.4211,1.0
song of the injured love,Smooth Sailin',gabor szabo,Gábor Szabó,0.4211,0.8182
why do i cry,My Girl,margi guryan,Al Green,0.4211,0.5
love me do,Child Of Nature - Esher Demo,the beatles,The Beatles,0.4211,1.0
as close as us,I Need Your Love So Much,gordon haskell,Gordon Haskell,0.4211,1.0
soft power,Otherwise,"ezra feinberg,",Sean Being,0.4211,0.5833
my baby,Ho Happy Day,apple and the 3 oranges,Flame N King;The Bold Ones,0.4211,0.5714
soundgood,syruphands,b. cool-aid,B. Cool-Aid,0.4211,1.0
alibek'agnimi,Talkin,tilaye gebre,Vee Gees,0.4211,0.5
it's all over now baby blue,Rum Nobbler,"van morrison,",A.R. Wilson,0.4211,0.5
paulette,Pure Shores,balla et ses balladins,All Saints,0.4211,0.5625
ushirozi (ushiro sugata),Umi No Ue Kara,huitsushiyumanzu,Yasuaki Shimizu,0.4211,0.5161
hush money,DASH SNOW,blue iverson (dean blunt),Dean Blunt,0.4211,0.5714
lost tribe,Real Life,powerman,Emiranda,0.4211,0.5
one wish,On The Roof,the news,The Feelies,0.4211,0.6316
shake it up,The Line,the vibrations,The GN Band,0.4211,0.56
be free,Be Your Girl,computer sex,Teedra Moses,0.4211,0.5
i wanna be with you (,man in the mirror,maze,MIKE,0.4211,0.5
love song,Send It On,jane,D'Angelo,0.4211,0.5
dark river,Shivering,david horriddge,David Kilgour,0.4211,0.5714
natural one,Marshall,folk implosion,Frank LoCrasto,0.4211,0.5
st. martin de porres,Islands In The Sky,mary lou willliams,Murry Wilson,0.4211,0.5333
someone to call my lover,It's Only Life,"the rests,",The Feelies,0.4211,0.5714
chicago / call on me,Gotta Find A Woman,compilation,Platinum Hook,0.4211,0.5
bakom glaset,My Girl,dina gon,Al Green,0.4211,0.5
dark river,Shivering,david horridge,David Kilgour,0.4211,0.5926
mystic lady,Main Man,"marc bolan,",Marc Bolan;T. Rex,0.4211,0.7143
ce matin la,The Line,air french band,The GN Band,0.4211,0.5385
unloaded,Rum Nobbler,faye wong,A.R. Wilson,0.4211,0.5
love me this evening,Crying Every Night,stranger cole & gladstone anderson,Stranger Cole,0.4211,0.5532
amajan,Weird Caravan,ilyas ahmed,Klaus Schulze,0.4211,0.5
i owe it to myself,It's Gonna Be Lonely,prime time,Prince,0.4211,0.5
raw through a straw,Stop the World for a Day,terre thaemlitz,The Twilights,0.4186,0.5
eight days a week,The Girl Across the Street,hiroshi satoh,Moses Smith,0.4186,0.5
"play, the violin, play",Da Ya Think I'm Sexy?,kyrlo stetsenko (,Rod Stewart,0.4186,0.5
crying in the night,The Night We Saw The Sun,"stevie nicks,",Steve Gray,0.4186,0.5217
we travel the spaceways,Lost In The Paradise,general strike,Gal Costa,0.4186,0.5217
u n me (,If You'd Be Mine,hi mount,Shuggie Otis,0.4167,0.5
one who cares,Grand Hotel,uku kuut,Uku Kuut,0.4167,1.0
somewhere,Do You Remember,bill horn,Jill Scott,0.4167,0.5263
sam the samba man,The Way,rah band,The Gap Band,0.4167,0.6
she cries your name,What Did You Do to Me? - Pt 2,beth orton,Bloodstone,0.4167,0.5
red house,Long Road Ahead,jimi henrdrix,Jim Ford,0.4167,0.5714
robot adept,Mountain Lake,novye kompozitory,No Deposit,0.4167,0.5185
clockwork train,Tow Truck,brotherhood of lizards,The Sabres Of Paradise,0.4167,0.5455
enchanted sky machines,The Vigilante - Remastered,judee sill,Judee Sill,0.4167,1.0
married life,We Need Love,thorny shorby nyenwi,Johnny Osbourne,0.4167,0.5143
what's on your mind (super club remix),The Thistle (Video Soundtrack Mix),janette renee,Jesse Rae,0.4167,0.5455
don't watch my size,Watching Me (2020 Remastered),phil pratt,Jill Scott,0.4167,0.5
unreleased,Parallelograms,noa records,Linda Perhacs,0.4167,0.5
heart trouble,On The Roof,the parliaments,The Feelies,0.4167,0.6154
the replacements,She Says,swingin party,So Klarity,0.4167,0.5217
drowned village,Real Life,magician,Emiranda,0.4167,0.5
leap of faith,Gentle Rain,lexx,Lexx,0.4167,1.0
lady with the smoke,Wouldn't You Love to Love Me?,sangrine,Prince,0.4167,0.5714
my sweet baby,Mystic Lady,j. trombey,T. Rex,0.4167,0.5
death is a dream,The Line,the mann,The GN Band,0.4167,0.6316
you are (demo),Dear Money,josephine network,Josephine Network,0.4167,1.0
married life,We Need Love,thony shorby nyenwi,Johnny Osbourne,0.4167,0.5294
make it last,Reality Surf,edee,Bladee,0.4167,0.6
takin' time,I Stand Alone,craig asp,Calif Malibus,0.4167,0.5455
wave naturelle,Weissensee,neu!,NEU!,0.4167,1.0
natsu nandesu,Outstanding,happy end,The Gap Band,0.4167,0.5714
if we don't,If You See Me,"94 east,",94 East;Prince,0.4167,0.6364
in the rain,Are You There,dramatics,America,0.4167,0.5
nothing has changed,Watching Me (2020 Remastered),nankivells optet,Jill Scott,0.4167,0.5385
hell & sorrow,On The Roof,hortens ellis,The Feelies,0.4167,0.5833
comfortable gestures,For No One - Remastered 2009,"steve beresford,",The Beatles,0.4167,0.5185
keep it warm,Reality Surf,flo and eddie,Bladee,0.4167,0.5263
how to get rich in rotterdam,Hold Me In A New Way,geluidshouwerij,Elaine Howley,0.4167,0.5
en volant,Castles Of Sand,alec mansion,Jermaine Jackson,0.4167,0.5
i hope you really love me,I'm Trying to Be Your Friend,soulful kinda seventies,The Soul Stirrers,0.4151,0.5
i've got to let him know,Wouldn't You Love to Love Me?,lorraine,Prince,0.4151,0.5714
beauty in the dark (groove with you) (mos def remix),My Love Is Your Love (Forever),the isley brothers,The Isley Brothers,0.4146,1.0
the inside out,Henry's In Love,henry badowski,Henry Badowski,0.4138,1.0
journey to lagos,Next Tomorrow,duval timothy,Duval Timothy,0.4138,1.0
tira a mao,Flamengo Até Morrer,marcos valle,Marcos Valle,0.4138,1.0
let the river run,Another Door,carly simon,Carly Simon,0.4138,1.0
after midnight,Dark and Hungry,blue,Sugar Blue,0.4138,0.5714
days as echoes,Rainy Afternoon,misha panfilov sound combo,Misha Panfilov,0.4138,0.7
einsamkeit,Kleine Segelschiffe,prinz & prinz,Prinz & Prinz,0.4138,1.0
knockin' (nobody's home),Me And Those Dreamin' Eyes Of Mine,angel grant,D'Angelo,0.4138,0.5263
the emporer,Woman Of The World,donald byrd,Donald Byrd,0.4138,1.0
aftermath,Strange Relationship,tricky,Prince,0.4138,0.5
how stupid mr bates,The Future,police,Prince,0.4138,0.6667
love me forever,You're so Fine,carlton & his shoes,Papa Bear & His Cubs,0.4138,0.5128
love theme (reprise),The Loser,nobuo yagi,Nobuo Uematsu,0.4138,0.6087
always in danger,Pink Cashmere,choice,Prince,0.4138,0.5
go out and get it,Go Down Easy,john & beverly martyn,John Martyn,0.4138,0.6875
go out and get it,Go Down Easy,john and beverly martyn,John Martyn,0.4138,0.6471
natural energy,Raised Eyebrows,the cool notes,The Feelies,0.4138,0.56
nude walkin',Misunderstandings,craig t. cooper,Chris & Cosey,0.4138,0.5714
baby i love you,I Feel So Down,barracuda,Barracuda,0.4138,1.0
something greater than all of it,The Girl Across the Street,jimmy means smut,Moses Smith,0.4138,0.5185
the thing,Everything She Wants,the pixies,The Egyptian Lover,0.4138,0.5
go out and get it,Go Down Easy,john and beverley martyn,John Martyn,0.4138,0.6286
down 4 whateva,Was keiner wagt,nuttin nyce,Konstantin Wecker,0.4138,0.5714
dolphins,Kaleidoscopic Visions,spinners,Tom Skinner,0.4138,0.6316
i will not mind,Midnight Train,jimmy campbell,Tommy James,0.4138,0.56
love never fails,Home Business,greg kihn band,The GN Band,0.4138,0.56
is it a star,Drying in the Sun,daryl hall / john oates,Daryl Hall & John Oates,0.4138,0.9565
a love that's real,On The Roof,the eptones,The Feelies,0.4138,0.6364
strong relax,Snowfall Serenade,good block,Volodja Brodsky,0.4138,0.56
out of time,The Story Of Light,illustrator,William Orbit,0.4138,0.5
keep telling me (,Wake Up Song,funk freaks,Sunfear,0.4138,0.5556
wall street,A grand love theme,jackie mitoo,Kid Loco,0.4138,0.5
dolphins,Kaleidoscopic Visions,spinner,Tom Skinner,0.4138,0.6667
"if you want to sing out, sing out",What a Wonderful Thing Love Is,cat stevens,Al Green,0.4127,0.5263
"if you want to sing out, sing out",What a Wonderful Thing Love Is,"cat stevens,",Al Green,0.4127,0.5
heart of the city,Put a Little Away,unknown artist,Innovations,0.4118,0.56
smoke signals,So High - Tapes Remix,hidden operator,Hidden Operator,0.4118,1.0
e preciso perdoar,Mi Chico Favorito,"cesaria evora,",Susana Estrada,0.4118,0.5
out of the storm (c's planet e special mix),The Emperor's New Clothes,incognito,Sinéad O'Connor,0.4118,0.5
moment of time,Tired of Being Alone,pamela golden,Al Green,0.4118,0.5714
am i really here ?,Faith Is The Key,moonlight,EnLIGHTment,0.4118,0.6
peri pherial vision,Strolling Along,robert & medici,Robert Lester Folsom,0.4118,0.5143
pink's at the door,Bunny Is A Rider,scarlett o'malley,Caroline Polachek,0.4118,0.5294
i'll come running,A Love Reputation,henry & his kasuals,Denise LaSalle,0.4118,0.5455
do me right (remix),Do You Remember,jill francis,Jill Scott,0.4118,0.5455
peri pherial vision,Strolling Along,robert e. medici,Robert Lester Folsom,0.4118,0.5556
i want it that way,Biya Ba Man Biya,delon,Devon Rexi,0.4118,0.5333
"oba, la vem ela",You Only Live Twice,jorgen ben,John Barry,0.4118,0.5
moonwalk (edit),Love On A Two Way Street,orange power,Grant Green,0.4103,0.5217
was that the last time,Through the Night,duval timothy,Duval Timothy,0.4103,1.0
all flowers in time,I Cry In the Morning,"gloria de oliveira,",Dennis Olivieri,0.4103,0.5294
sunshine sometime (instrumental 1970),That Would Be Something - Remastered 2011,paul mccartney,Paul McCartney,0.4103,1.0
when he calls me,Sunshine Only Sometimes,edee leatherwood,Robert Lester Folsom,0.4103,0.5
when it's all over,Mother Nature's Spies,fauzia,Fila Brazillia,0.4103,0.5
i only wanted to love you,It's Only Life,the sass,The Feelies,0.4103,0.5263
cccan't you see,Ain't No Stopping Us Now,viscous pink,Risco Connection,0.4103,0.5
fantasy on eleanor rigby,Telephone Thing,therapy,The Fall,0.4103,0.5333
gentle love,Nothing Impossible with Love,greg mendez,Al Green,0.4103,0.5263
elle avait la maniere,Guatamalan Strange,jean-michel gascuel,Michael James,0.4103,0.5625
seventh heaven (downtown mix),Etched in Stone,deception,Sepiatone,0.4091,0.5556
you gotta make it loose,Love Come Set Me Free,patrick cowley,Patrick Cowley,0.4091,1.0
here comes the ladder of divine ascent,Heaven Knows The Good Lord's Got A Sense Of Humour,jonny dillon,Jonny Dillon,0.4091,1.0
hope to meet you,Candombe del no sé quien soy,"multi-interpretes,",Los Terapeutas,0.4091,0.5
your love is dynamite,"Holding You, Loving You",donnell pitman,Don Blackman,0.4091,0.5385
you go on natural,Your Love Makes Me a Winner,earthling,arian,0.4091,0.5714
bass in action ndeg 2,Spooks - Single Version,tonio rubio,Tom Tom Club,0.4091,0.5217
beautiful vision outtakes,Dweller On the Threshold,van morrison,Van Morrison,0.4082,1.0
lalo o le mauga (e malu ai),I Found My Smile Again,sanguine,D'Angelo,0.4082,0.5
love's too hot to hide,She's Just the Type of Girl,clifford coultour,Circuitry,0.4082,0.5385
finally made it home,A Tour in Italy - Dub Version,arnold blair,Bandaid,0.4082,0.5263
i'm a girl you can hold irl,Can't Get Over You With You,ml buch,ML Buch,0.4074,1.0
the guardian angel is watching over us,Then and forever,the golden flamingo orchestra,Ronald Langestraat,0.4074,0.5532
big mood (45 version),Sing a Happy Song (Shake It Down),exo fender,Eboni Band,0.4074,0.5
inspiration information,Sueno Latino - Paradise Version,shuggie ptis,Sueño Latino,0.4074,0.5
bandit ducks from outer space,Calculated Reactive Space,science patrol,Voice Actor,0.4074,0.56
tattoo (giving it all up for love),How It Make You Feel,philip lynott,Jill Scott,0.4074,0.5217
give me your love,"Tell Me, Tell Me (How Ya Like to Be Loved)",curtis mayfield,Curtis Mayfield,0.4068,1.0
i have a woman inside my soul,Have You Seen a Horizon Lately,"yoko ono,",Yoko Ono,0.4068,0.9412
new star in the sky (vegyn version),The Night We Saw The Sun,"vegyn,",Steve Gray,0.4068,0.5
do it to me one more time (ver.),Love Don't Come No Stronger,"jennifer lara,",Jeff Perry,0.4068,0.5
why don't we fall in love (main),Your Love Makes Me a Winner,"amerie,",arian,0.4068,0.5
still in love with you,Spring Is Coming With a Strawberry in the Mouth,rex lamey,Roger Doyle,0.4058,0.5
in light of that learnt later (purelink remix),Playboy of the Western World,corker conboy,Connie Converse,0.4054,0.5
sunshine sometime (unreleased instrumental),That Would Be Something - Remastered 2011,paul mccartney,Paul McCartney,0.4048,1.0
what's good for the goose (dub out mix),"Brawling Broads - From The ""Coffy"" Soundtrack","omar-s,",Roy Ayers,0.4048,0.5
i don't want to fall in love again,One Second to Toe the Line,cindy lee,Cindy Lee,0.4,1.0
baby blue,Heavy Metal,cindy lee,Cindy Lee,0.4,1.0
flesh and blood,Diamond Jubilee,cindy lee,Cindy Lee,0.4,1.0
helpless,Wivenhoe Bells II,cleaners from venus,Cleaner From Venus,0.4,0.973
wivenhoe bells ii,Helpless,cleaners from venus,The Cleaners From Venus,0.4,0.9048
the artichoke that loved me,A Girl With Cars in Her Eyes,cleaners from venus,The Cleaners From Venus,0.4,0.9048
here's some universe,How It Make You Feel,dj sports,Jill Scott,0.4,0.5263
steady,Tiny,stone,Stone,0.4,1.0
springs near,My Bell Rings,parsley,Operelly,0.4,0.5333
vratimo se prirodi,man in the mirror,moni,MIKE,0.4,0.5
so many things,You've Got Me Hung Up,3 ring circuit,King Tutt,0.4,0.5217
silver trees,Anywhere Else,henry badowski,Henry Badowski,0.4,1.0
gotta do somethin / might as well cultivate,Goodnight Tonight,awakening,Wings,0.4,0.5714
sayonara,A Day in the Park,ryuichi sakamoto,Ryuichi Sakamoto,0.4,1.0
money's too tight (to mention),I Cry (Night after Night),the valentines bros,The Egyptian Lover,0.4,0.5405
dragonfly,Dreams,fleetwood mac,Fleetwood Mac,0.4,1.0
peligro (dancer),Parallelograms,panda bear,Linda Perhacs,0.4,0.5217
flesh and time,Outstanding,the kiwi animal,The Gap Band,0.4,0.5185
pretty sad face,TRUST FUND BABY,amaarae,Amaarae,0.4,1.0
was that the last time?,Through the Night,duval timothy,Duval Timothy,0.4,1.0
never come back,Here Comes the Cigarettes.....,the jeremihs,The Cigarettes,0.4,0.5385
sight so sweet,Higher,kokoroko,Kokoroko,0.4,1.0
be my baby (ronettes cover),In My Room - Remastered,the beach boys,The Beach Boys,0.4,1.0
"homesickness, pt. 2",The Homeless Wanderer,emahoy tsegu-maryam gubrou,Emahoy Tsege Mariam Gebru,0.4,0.8235
in la (side a),Finite Jest,baba stiltz,Baba Stiltz,0.4,1.0
frontier,Present,miki nakatani,Yukihiro Takahashi,0.4,0.5161
car on a hill,"You Turn Me On, I'm a Radio",joni mitchell,Joni Mitchell,0.4,1.0
szepty,List,pejzaz,Pejzaż,0.4,0.8333
list,Szepty,pejzaz,Pejzaż,0.4,0.8333
bizarre (,Blurry,rip swirl,RIP Swirl,0.4,1.0
unloaded,Lowdown,world standard,Ronald Langestraat,0.4,0.5
fell from the sun,My Bell Rings,opal,Operelly,0.4,0.5
the wind cries mary,Second Head,the jimi hendrix experience,The Teardrop Explodes,0.4,0.5
ferris wheel,Somewhere I Belong,gabor szabo,Gábor Szabó,0.4,0.8182
goodnight tonight (wings demo 1978),Distractions - Remastered 2017,paul mccartney,Paul McCartney,0.4,1.0
the visit,On The Roof,the visitors,The Feelies,0.4,0.5217
live in the studio,Theme of the PCCP,ddwy,ddwy,0.4,1.0
a day in the park,THE LEFT BANK,ryuicchi sakamoto,Ryuichi Sakamoto;Robin Scott,0.4,0.7111
love & passion,Love Come Set Me Free,patrick cowley,Patrick Cowley,0.4,1.0
live session,In the Garden,tristwch y fenywod,Triste Janero,0.4,0.5161
let us be one,Keep On Lovin' Me,new hope,The Whispers,0.4,0.5
catch a tan,Wave Away,dj absolutely shit,Dolly Mixture,0.4,0.5161
i wanna dance,The Woman's Touch,kjb & the dreamers,The Cigarettes,0.4,0.5
going out,Come Around,carla dal forno,Carla dal Forno,0.4,1.0
mornin,Onipa Nse Hwee,kenn pettiford,Nana Tuffour,0.4,0.5385
kraut,pure heart,zatua,ABUNAI,0.4,0.5455
eddie quansa,Home Business,peacocks gutter band,The GN Band,0.4,0.5161
"homesickness, pt. 2",The Homeless Wanderer,tsegue-maryam guebrou,Emahoy Tsege Mariam Gebru,0.4,0.6957
be kind to me,Selassie is the Chapel,michael hurley & pals,Bob Marley & The Wailers,0.4,0.5333
this love,The Delivery Man,me & you,Smith & Mudd,0.4,0.5
crack up (rhythm mix),Catch My Drift,a.r. kane,A.R. Kane,0.4,1.0
brainwashed,Falling Down a Well,jack j & linda fox,Jack J,0.4,0.5
idontwannaflo,Stronger Than Her Love,senations fix,The Flirtations,0.4,0.5
minefield,In The Sand,i-level,iLEVEL,0.4,0.9231
everything you want,Fine Anyway,roger fakhr,Rogér Fakhr,0.4,0.9091
hutcherson,pure heart,naemi,ABUNAI,0.4,0.5455
tsegeeradaa,Let's Stay Together,tilaye gebre,Al Green,0.4,0.5
edit service 8,Make It With You,it's a fine line,Claudine Longet,0.4,0.5161
i saw the light,L.A. NIGHT,"yukihiro takahashi,",Yasuko Agawa,0.4,0.5161
i want to be the president,The Thistle (Video Soundtrack Mix),electralane,Jesse Rae,0.4,0.5
regratitude,Free Mind,tillmans,Tems,0.4,0.5
mid tide,Sink To Dusk,patrick holland,Patrick Holland,0.4,1.0
rise up version,pure heart,"bullwakie,",ABUNAI,0.4,0.5
holiday house,The Woman's Touch,the catburgers,The Cigarettes,0.4,0.6429
buck em down,Spaceman,black moon,LoneMoon,0.4,0.5556
love that will not die,"Don't Think Twice, It's All Right",johnny guitar watson,Johnny Cash,0.4,0.5806
where do i belong,Dreaming,jason steel,Jon Hassell,0.4,0.6364
love is,Work for Love,martini,Ministry,0.4,0.5333
un sogno,Human Nature,macho,Madonna,0.4,0.5
silent (bullion remix),Melody (1983 Club Vinyl Mix),pytko,Plustwo,0.4,0.5
amateur lover,Roadrunner (Once),the superiors band & their soul singers,Jonathan Richman & The Modern Lovers,0.4,0.5067
world crisis,Love and Happiness,michael rose,Al Green,0.4,0.5
way star,The Visitors,rubba,ABBA,0.4,0.6667
daddy's gonna tell you no lie,Forge Your Own Chains,"red hot org,",D.R. Hooker,0.4,0.5217
frank locastro,Safari Boys,simple times,Sharp Ties,0.4,0.6364
frank locrasto,Safari Boys,simple times,Sharp Ties,0.4,0.6364
space race,The Corner,luke vibert,Lewsberg,0.4,0.5263
drive me crazy!,Do You Remember,lil yachty,Jill Scott,0.4,0.5
little flower,The Way,theo parrish,The Gap Band,0.4,0.5
mostra,The Loser,"tomo katsurada,",Nobuo Uematsu,0.4,0.5
panis et circenses,Draw Of The Cards,mutantes,Kim Carnes,0.4,0.5556
role in creation,Kerosene!,yves tumor,Yves Tumor,0.4,1.0
me deixa,Manha de Carnaval,joao donato,João Donato,0.4,0.9091
manha de carnaval,Me Deixa,joao donato,João Donato,0.4,0.9091
let me roll it,There May Come A Time,paul mccartney & wings,Bart & Friends,0.4,0.5
alderney,Service,cathy hall,The Fall,0.4,0.6667
algerie 62,Angel,gwakasonn,Madonna,0.4,0.5
minha me,Them Changes,burnier e cartier,Thundercat,0.4,0.5185
dark,Documentary,jmur,Reymour,0.4,0.5455
watarase,Present,fumo itabashi,Yukihiro Takahashi,0.4,0.5806
unreleased,Raised Eyebrows,odunsi the engine,The Feelies,0.4,0.5
b2 kan i git high,Tell Me What It Is,tyree cooper,"Tyler, The Creator",0.4,0.5333
cosmic dust,Miss Lady,psychemagik,Magic,0.4,0.5
awake o zion,The Minx,twinkie clark,The Cyrkle,0.4,0.5217
dino,Think of Me,harmonia,Madonna,0.4,0.5333
out of town,Blood on the Dollar,water from your eyes,Water From Your Eyes,0.4,1.0
love that will not die,"Don't Think Twice, It's All Right",johnny guitar waton,Johnny Cash,0.4,0.5333
discocaine,Universal Train,eric's friends,Father's Children,0.4,0.5161
dirty love,Tired of Being Alone,bagarre,Al Green,0.4,0.5333
every time i see him,Perfected Steps,metropolis,TOPS,0.4,0.5714
someone stole your love,"Dog Breath, In The Year Of The Plague",frankie zhivago young,Frank Zappa,0.4,0.5
save the best 'til last,Can't Fake the Feeling,alice cohen & fun city,Geraldine Hunt,0.4,0.5
phase shift,That Girl,love & unity,Lloyd & Glen,0.4,0.5
clouds like mountains,True Lies,24satori,Toni,0.4,0.5
fantasia on eleanor rigby,Telephone Thing,therapy,The Fall,0.4,0.5333
last paradise,What A Day For Me,harumi hosono & ..,Harumi,0.4,0.5
it'll all be over,The Ballad Of Naked Man,the supreme jubilees,Butthole Surfers,0.4,0.5
the rebels,Wintertime,wildfire,D-Sire,0.4,0.5714
my love,I Stand Alone,climax band,Calif Malibus,0.4,0.5
tumastin,Min Dag,mdou mocstar,Död Mark,0.4,0.5
miracles,I Am in Love,jennifer vyban,Jennifer Lara,0.4,0.7407
we is 1,The Line,the 2,The GN Band,0.4,0.5
fist heart mighty dawn dart,Cosmic Dancer,t.rex,T. Rex,0.4,0.9091
11 incendiary,Misunderstandings,euphoria case,Chris & Cosey,0.4,0.5385
a ma place,Khala My Friend,mz,Amanaz,0.4,0.5
let the boy be,Sex With Me,epiphany,Rihanna,0.4,0.5333
en regnig dag i bananien,Biya Ba Man Biya,ben morris,Devon Rexi,0.4,0.5
another other,Draw Of The Cards,"iko chire,",Kim Carnes,0.4,0.5
world of the wicked,Skrag Theme,triple c,Aerial M,0.4,0.5
listen,Real Life,cymanide,Emiranda,0.4,0.5
morning song,I mog di,earthling,Haindling,0.4,0.5556
all my life,It's All Again,fluorescent smog,Eleventeen Eston,0.4,0.5
small music,Real Life,tomoki kanda,Emiranda,0.4,0.6
rodeo,Let's Ride,jummai,Junei',0.4,0.5
over the top,My Heart,roy dawson,Carolyn Crawford,0.4,0.5385
stand on the word,My Stove's on Fire,joubert singers,Robert Lester Folsom,0.4,0.5714
hustle ain't over,Tiny God,cm toni,Mylo Stone;Frenic,0.4,0.5
mais,Dreams,lucie antunes,Blue Tandem,0.4,0.5833
shrine,Sommartid,gus tomizuka,Magnus Uggla,0.4,0.5
mistakes,Cosmopolitan,jukebox,Blueboy,0.4,0.5714
magicarpe,Necrophones,gfh,Lungfish,0.4,0.5455
duniaku,Delusion,gruppe kibri,George Riley,0.4,0.5
deetour (party mix),Documentary,karen young,Reymour,0.4,0.5556
claremont road,What Are You Gonna Do,"michael j. blood,",Michael Soward,0.4,0.6452
ripples,Lye,"tarwater,",Earl Sweatshirt,0.4,0.5
in a moment divine,The Time Has Come,freak heat waves with cindy lee,Freak Heat Waves,0.4,0.6809
one hundred ways,We Did It,"quincy jones,",Syl Johnson,0.4,0.5
miracles,I Am in Love,jennifer vynam,Jennifer Lara,0.4,0.7407
a beard of stars,Mambo Sun,t-rex,T. Rex,0.4,0.7273
sleep my love,Without Love,chris britton,Peter Brown,0.4,0.5
me deixa,Manha de Carnaval,joo donato & geraldo carneiro,João Donato,0.4,0.5
dust,Debris,22 beaches,Faces,0.4,0.5333
mane joao,Washed Away,wanderlea,Kelela,0.4,0.5333
give up the goods (just step),The Start of Your Ending (41st Side),mob deep,Mobb Deep,0.4,0.9412
lady of the island dedications,Soul Vibrations,"crosby,",Dorothy Ashby,0.4,0.5
change of attention,The Thistle,kissed air,Jesse Rae,0.4,0.5263
last words,Par hasard,skidoo,Mikado,0.4,0.5
leaving rome,una rosa,gladstone anderson,Sonic Emerson,0.4,0.5806
telephone!,Le Chiffre,fan dao zhen li,Canada High,0.4,0.5385
bisaraha,Foolish,ziad rahbani,Ashanti,0.4,0.5263
party night,The Night We Saw The Sun,stevo,Steve Gray,0.4,0.5333
touch me (version),Without Love,a brown,Peter Brown,0.4,0.6667
cruise control,My Sunshine Girl,transient waves,The Radiants,0.4,0.5185
i'm leavin',It's Only Life,elvis,The Feelies,0.4,0.5
golden eagle flight,Molten Love,boomerang,America,0.4,0.5
can't do that to her,Can I Call You Rose?,"thee sinseers,",Thee Sacred Souls,0.4,0.5161
idayimane,Anime World,sakihile,SahBabii,0.4,0.5
"hello, i am your heart",If I Had Loved You,mandred manns earth band,Sunshine Earth Band,0.4,0.6047
the upper way,Call Of The River,violinaires,Linda Perhacs,0.4,0.5
diana doesn`t care,Astawesalehu,m-ways,Admas,0.4,0.5455
ha ya (eternal life),"Here Comes Love, Tenderness and Kindness",the dynamic clark sistersa,The Cigarettes,0.4,0.5
can we do this?,Head Over Heels,speakers corner quartet,Tears For Fears,0.4,0.5263
watarase,Present,fumio itabashi,Yukihiro Takahashi,0.4,0.625
money's too tight (to mention),I Cry (Night after Night),the valentine bros.,The Egyptian Lover,0.4,0.5405
fur dich,"Un Soir, Un Chien",thomas dinger,Laetitia Sadier,0.4,0.5
blue night,Never Let It Go,torch song,Keith Robinson,0.4,0.5
love that will not die,"Don't Think Twice, It's All Right","jonny ""guitar"" watson",Johnny Cash,0.4,0.5
sunday morning,Lena's Song,"the velvet underground,",The Sweet Enoughs,0.4,0.55
